{"Song Length(ms)": {"mean": 224626.53529316752, "median": 220734.0}, "Acousticness": {"mean": 0.3000630259602649, "median": 0.195}, "Danceability": {"mean": 0.6177100629946697, "median": 0.633}, "Energy": {"mean": 0.5968806493296721, "median": 0.615}, "Instrumentalness": {"mean": 0.04599186652560168, "median": 4.37e-06}, "Liveness": {"mean": 0.18075475690518497, "median": 0.123}, "Loudness": {"mean": -8.718823937974479, "median": -8.128}, "Speechiness": {"mean": 0.07203839444354708, "median": 0.0416}, "Tempo": {"mean": 119.00919770634792, "median": 117.907}, "Valence": {"mean": 0.5963210628331449, "median": 0.613}}